label,image,size_px,size_um2,equivalent_diameter_um,max_feret_px,min_feret_px,sphericity
1,230630_FRL+WL_Cthrm_G1_pos2_440_3nm_20nm,281.0,4.7489,2.4589606084670845,21.18962010041709,17.68599741177131,0.8346538223884054
2,230630_FRL+WL_Cthrm_G1_pos2_440_3nm_20nm,244.0,4.123600000000001,2.291359986267963,21.18962010041709,15.651484733524846,0.7386392327636288
3,230630_FRL+WL_Cthrm_G1_pos2_440_3nm_20nm,125.0,2.1125000000000003,1.6400361393131042,14.7648230602334,11.596896297396684,0.7854409260501739
4,230630_FRL+WL_Cthrm_G1_pos2_440_3nm_20nm,189.0,3.1941,2.0166443488723003,18.439088914585774,13.52360023057044,0.7334201973435324
5,230630_FRL+WL_Cthrm_G1_pos2_440_3nm_20nm,205.0,3.4645000000000006,2.1002710307803065,18.439088914585774,14.85034960719987,0.8053732847642422
6,230630_FRL+WL_Cthrm_G1_pos2_440_3nm_20nm,236.0,3.9884,2.2534836587429967,20.223748416156685,16.32413977687452,0.8071767627327296
7,230630_FRL+WL_Cthrm_G1_pos2_440_3nm_20nm,228.0,3.8532,2.2149597318627556,19.313207915827967,15.96093846838928,0.8264260674845547
8,230630_FRL+WL_Cthrm_G1_pos2_440_3nm_20nm,153.0,2.5857,1.8144463317556985,15.524174696260024,13.524800582360399,0.8712089915877267
9,230630_FRL+WL_Cthrm_G1_pos2_440_3nm_20nm,253.0,4.2757000000000005,2.3332360192282597,20.396078054371138,16.765829946215767,0.8220124428589661
10,230630_FRL+WL_Cthrm_G1_pos2_440_3nm_20nm,142.0,2.3998000000000004,1.7480046508677956,16.76305461424021,12.274070747620774,0.7322096735993423
11,230630_FRL+WL_Cthrm_G1_pos2_440_3nm_20nm,251.0,4.2419,2.323995444232214,21.540659228538015,16.073828936352147,0.7462087750339985
12,230630_FRL+WL_Cthrm_G1_pos2_440_3nm_20nm,160.0,2.704,1.855489080798882,18.439088914585774,11.120222229595576,0.6030787248278415
13,230630_FRL+WL_Cthrm_G1_pos2_440_3nm_20nm,301.0,5.086900000000001,2.5449640940715255,21.470910553583888,18.590922847050773,0.8658655999080397
14,230630_FRL+WL_Cthrm_G1_pos2_440_3nm_20nm,442.0,7.4698,3.0839657506630513,25.942243542145693,23.380755531546313,0.9012618933116562
15,230630_FRL+WL_Cthrm_G1_pos2_440_3nm_20nm,233.0,3.9377000000000004,2.2391148597835824,19.4164878389476,16.074435705387483,0.8278755580679075
16,230630_FRL+WL_Cthrm_G1_pos2_440_3nm_20nm,265.0,4.4785,2.3879286633181542,19.924858845171276,17.735001699354402,0.8900942203488895
17,230630_FRL+WL_Cthrm_G1_pos2_440_3nm_20nm,172.0,2.9068,1.923812025286299,19.72308292331602,11.99823254097305,0.6083345381461186
18,230630_FRL+WL_Cthrm_G1_pos2_440_3nm_20nm,236.0,3.9884,2.2534836587429967,19.313207915827967,17.10744992919707,0.8857901806761379
19,230630_FRL+WL_Cthrm_G1_pos2_440_3nm_20nm,184.0,3.1096000000000004,1.9897903629047113,21.02379604162864,11.924366881992013,0.5671842924265866
20,230630_FRL+WL_Cthrm_G1_pos2_440_3nm_20nm,167.0,2.8223000000000003,1.8956434177096837,17.08800749063506,13.44833422209556,0.7870042326155233
21,230630_FRL+WL_Cthrm_G1_pos2_440_3nm_20nm,228.0,3.8532,2.2149597318627556,18.681541692269406,16.613385516261282,0.8892941380280223
22,230630_FRL+WL_Cthrm_G1_pos2_440_3nm_20nm,338.0,5.712200000000001,2.6968498155136853,23.769728648009426,18.88150071246372,0.7943507051370959
23,230630_FRL+WL_Cthrm_G1_pos2_440_3nm_20nm,312.0,5.2728,2.591049492286777,22.561028345356956,18.298541744112196,0.8110686030797893
24,230630_FRL+WL_Cthrm_G1_pos2_440_3nm_20nm,271.0,4.5799,2.414810508286845,21.540659228538015,16.560438180791216,0.7687990420855466
25,230630_FRL+WL_Cthrm_G1_pos2_440_3nm_20nm,205.0,3.4645000000000006,2.1002710307803065,18.384776310850235,15.080262371260442,0.8202581372915834
26,230630_FRL+WL_Cthrm_G1_pos2_440_3nm_20nm,184.0,3.1096000000000004,1.9897903629047113,17.46424919657298,14.662876445941228,0.8395938629196
27,230630_FRL+WL_Cthrm_G1_pos2_440_3nm_20nm,261.0,4.4109,2.3698380341011345,21.633307652783937,16.42574769372503,0.7592804557379481
28,230630_FRL+WL_Cthrm_G1_pos2_440_3nm_20nm,238.0,4.022200000000001,2.263012173372864,21.213203435596427,14.978011677506698,0.7060702417237521
29,230630_FRL+WL_Cthrm_G1_pos2_440_3nm_20nm,187.0,3.1603000000000003,2.005945894890123,20.248456731316587,11.972452483843242,0.5912772831386431
30,230630_FRL+WL_Cthrm_G1_pos2_440_3nm_20nm,466.0,7.875400000000001,3.1665866024170732,28.284271247461902,22.444942613742125,0.7935485562759984
31,230630_FRL+WL_Cthrm_G1_pos2_440_3nm_20nm,167.0,2.8223000000000003,1.8956434177096837,18.439088914585774,12.85222226097083,0.6970096147648817
32,230630_FRL+WL_Cthrm_G1_pos2_440_3nm_20nm,728.0,12.3032,3.957893475927018,49.24428900898052,22.885013313755117,0.4647242101430615
33,230630_FRL+WL_Cthrm_G1_pos2_440_3nm_20nm,196.0,3.3124000000000002,2.053650084113833,17.08800749063506,15.482332206991366,0.9060349613889348
34,230630_FRL+WL_Cthrm_G1_pos2_440_3nm_20nm,198.0,3.3462000000000005,2.064101297076479,18.439088914585774,14.250938689760972,0.772865663578862
35,230630_FRL+WL_Cthrm_G1_pos2_440_3nm_20nm,167.0,2.8223000000000003,1.8956434177096837,15.652475842498529,14.420732747179898,0.921306820230044
36,230630_FRL+WL_Cthrm_G1_pos2_440_3nm_20nm,141.0,2.3829000000000002,1.7418388304172747,18.110770276274835,10.461012654561296,0.5776127958657427
37,230630_FRL+WL_Cthrm_G1_pos2_440_3nm_20nm,208.0,3.5152,2.115583051466674,19.4164878389476,14.25964539555096,0.734409101884404
38,230630_FRL+WL_Cthrm_G1_pos2_440_3nm_20nm,237.0,4.0053,2.2582529416625916,19.924858845171276,16.191043663446663,0.8126051877838276
39,230630_FRL+WL_Cthrm_G1_pos2_440_3nm_20nm,205.0,3.4645000000000006,2.1002710307803065,22.360679774997898,12.634577473575407,0.5650354819580432
40,230630_FRL+WL_Cthrm_G1_pos2_440_3nm_20nm,321.0,5.424900000000001,2.628154715048904,22.47220505424423,19.385725721903597,0.862653472372187
41,230630_FRL+WL_Cthrm_G1_pos2_440_3nm_20nm,120.0,2.0280000000000005,1.6069006804164687,15.811388300841896,10.575429363152626,0.6688488804357252
42,230630_FRL+WL_Cthrm_G1_pos2_440_3nm_20nm,280.0,4.732,2.4545813340948373,20.8806130178211,18.00602531793157,0.8623322170936198
43,230630_FRL+WL_Cthrm_G1_pos2_440_3nm_20nm,203.0,3.4307000000000003,2.0900006952446026,19.697715603592208,13.730178345589357,0.6970441964897406
44,230630_FRL+WL_Cthrm_G1_pos2_440_3nm_20nm,199.0,3.3631,2.06930710937232,18.027756377319946,14.816525573333214,0.8218729642904059
45,230630_FRL+WL_Cthrm_G1_pos2_440_3nm_20nm,433.0,7.3177,3.0524064304264105,26.0,22.224887072132585,0.8548033489281763
46,230630_FRL+WL_Cthrm_G1_pos2_440_3nm_20nm,432.0,7.300800000000001,3.0488796742742204,26.076809620810597,21.794323996597562,0.8357741730493213
47,230630_FRL+WL_Cthrm_G1_pos2_440_3nm_20nm,254.0,4.2926,2.3378426101280128,19.4164878389476,17.602358426067518,0.9065675817414768
48,230630_FRL+WL_Cthrm_G1_pos2_440_3nm_20nm,284.0,4.799600000000001,2.4720518843484833,21.840329667841555,17.599093247898427,0.8058071245056311
49,230630_FRL+WL_Cthrm_G1_pos2_440_3nm_20nm,142.0,2.3998000000000004,1.7480046508677956,16.278820596099706,12.323558189408743,0.757030161777284
50,230630_FRL+WL_Cthrm_G1_pos2_440_3nm_20nm,135.0,2.2815000000000003,1.7043755517236434,15.297058540778355,11.887809592081565,0.7771304241525562
51,230630_FRL+WL_Cthrm_G1_pos2_440_3nm_20nm,160.0,2.704,1.855489080798882,16.76305461424021,12.728289794870005,0.7593061102394384
52,230630_FRL+WL_Cthrm_G1_pos2_440_3nm_20nm,100.0,1.69,1.4668929172241665,14.866068747318506,9.545795843466546,0.6421197160943027
53,230630_FRL+WL_Cthrm_G1_pos2_440_3nm_20nm,260.0,4.394000000000001,2.36529375756296,21.540659228538015,16.003334931452745,0.7429361730141861
54,230630_FRL+WL_Cthrm_G1_pos2_440_3nm_20nm,249.0,4.208100000000001,2.3147179802731994,21.95449840010015,14.757212246546313,0.6721725988729033
55,230630_FRL+WL_Cthrm_G1_pos2_440_3nm_20nm,312.0,5.2728,2.591049492286777,21.840329667841555,19.453275521563697,0.890704298763739
56,230630_FRL+WL_Cthrm_G1_pos2_440_3nm_20nm,391.0,6.6079,2.9005929717310357,24.698178070456937,21.533667244263253,0.8718727018176714
57,230630_FRL+WL_Cthrm_G1_pos2_440_3nm_20nm,211.0,3.5659,2.130785041380551,19.313207915827967,15.49644131232452,0.8023753164084435
58,230630_FRL+WL_Cthrm_G1_pos2_440_3nm_20nm,246.0,4.1574,2.300731640866002,19.924858845171276,16.66940824921083,0.836613618131132
59,230630_FRL+WL_Cthrm_G1_pos2_440_3nm_20nm,370.0,6.253,2.8216248640152313,25.96150997149434,19.40933333173031,0.7476195858038187
60,230630_FRL+WL_Cthrm_G1_pos2_440_3nm_20nm,213.0,3.5997000000000003,2.1408597313189777,20.223748416156685,14.577770511481805,0.7208243601287916
61,230630_FRL+WL_Cthrm_G1_pos2_440_3nm_20nm,199.0,3.3631,2.06930710937232,18.027756377319946,14.817845875831987,0.8219462014959206
62,230630_FRL+WL_Cthrm_G1_pos2_440_3nm_20nm,236.0,3.9884,2.2534836587429967,20.396078054371138,15.81097341361319,0.7751967496625999
63,230630_FRL+WL_Cthrm_G1_pos2_440_3nm_20nm,170.0,2.873,1.912594366828503,17.0,13.682880500221197,0.8048753235424233
64,230630_FRL+WL_Cthrm_G1_pos2_440_3nm_20nm,449.0,7.588100000000001,3.1082903643972664,26.248809496813376,23.00592763381889,0.8764560402867728
65,230630_FRL+WL_Cthrm_G1_pos2_440_3nm_20nm,170.0,2.873,1.912594366828503,18.439088914585774,12.446720081705706,0.6750181714162701
66,230630_FRL+WL_Cthrm_G1_pos2_440_3nm_20nm,132.0,2.2308,1.6853316517514292,17.08800749063506,10.27845673802907,0.6015011840123602
67,230630_FRL+WL_Cthrm_G1_pos2_440_3nm_20nm,122.0,2.0618000000000003,1.6202361844295907,15.811388300841896,11.01226789794463,0.696476975229194
68,230630_FRL+WL_Cthrm_G1_pos2_440_3nm_20nm,477.0,8.061300000000001,3.203742489959761,28.160255680657446,22.415810521313286,0.7960087712097773
69,230630_FRL+WL_Cthrm_G1_pos2_440_3nm_20nm,452.0,7.638800000000001,3.1186571203521174,28.0178514522438,21.217723056546188,0.7572930098766362
70,230630_FRL+WL_Cthrm_G1_pos2_440_3nm_20nm,230.0,3.8870000000000005,2.224653256214455,21.18962010041709,14.456658641037652,0.6822519031737191
71,230630_FRL+WL_Cthrm_G1_pos2_440_3nm_20nm,177.0,2.9913000000000003,1.951574095484538,20.248456731316587,11.447444120416478,0.5653489681863841
72,230630_FRL+WL_Cthrm_G1_pos2_440_3nm_20nm,182.0,3.0758,1.978946737963509,19.235384061671343,13.45000044976255,0.6992322277860405
73,230630_FRL+WL_Cthrm_G1_pos2_440_3nm_20nm,212.0,3.5828,2.1358283266398406,20.615528128088304,15.182621996508352,0.7364653431227062
74,230630_FRL+WL_Cthrm_G1_pos2_440_3nm_20nm,170.0,2.873,1.912594366828503,18.027756377319946,12.619106403506944,0.6999820798212347
75,230630_FRL+WL_Cthrm_G1_pos2_440_3nm_20nm,175.0,2.9575,1.9405169294686,17.72004514666935,13.438088965205946,0.7583552329567153
76,230630_FRL+WL_Cthrm_G1_pos2_440_3nm_20nm,187.0,3.1603000000000003,2.005945894890123,18.027756377319946,14.211470814338382,0.7883105649362617
77,230630_FRL+WL_Cthrm_G1_pos2_440_3nm_20nm,329.0,5.5601,2.6607027629335036,22.80350850198276,19.392116820290067,0.8504005784287066
78,230630_FRL+WL_Cthrm_G1_pos2_440_3nm_20nm,225.0,3.8025,2.2003393758362497,19.72308292331602,16.303780503510204,0.8266344854351536
79,230630_FRL+WL_Cthrm_G1_pos2_440_3nm_20nm,221.0,3.7349,2.180693095240905,19.313207915827967,15.782809906911558,0.8172029201827676
80,230630_FRL+WL_Cthrm_G1_pos2_440_3nm_20nm,238.0,4.022200000000001,2.263012173372864,20.248456731316587,15.929412245979277,0.7866975966293073
81,230630_FRL+WL_Cthrm_G1_pos2_440_3nm_20nm,148.0,2.5012000000000003,1.7845522545702015,17.0,11.844760048157612,0.6967505910680948
82,230630_FRL+WL_Cthrm_G1_pos2_440_3nm_20nm,154.0,2.6026000000000002,1.8203662376367387,17.204650534085253,12.384209059885368,0.719817530460744
83,230630_FRL+WL_Cthrm_G1_pos2_440_3nm_20nm,231.0,3.9039,2.2294842135999984,20.8806130178211,14.31003073915641,0.6853261792143336
84,230630_FRL+WL_Cthrm_G1_pos2_440_3nm_20nm,259.0,4.3771,2.3607407335961907,19.697715603592208,17.91538817666811,0.9095160341030073
85,230630_FRL+WL_Cthrm_G1_pos2_440_3nm_20nm,175.0,2.9575,1.9405169294686,17.46424919657298,13.699553393904116,0.7844341454193398
86,230630_FRL+WL_Cthrm_G1_pos2_440_3nm_20nm,204.0,3.4476,2.095142156138563,18.601075237738275,14.222307084823598,0.7645959657197163
87,230630_FRL+WL_Cthrm_G1_pos2_440_3nm_20nm,189.0,3.1941,2.0166443488723003,17.46424919657298,14.792176388172605,0.8469975560744566
88,230630_FRL+WL_Cthrm_G1_pos2_440_3nm_20nm,204.0,3.4476,2.095142156138563,18.681541692269406,14.720143908270353,0.7879512382193641
89,230630_FRL+WL_Cthrm_G1_pos2_440_3nm_20nm,195.0,3.2955,2.048404481462274,18.110770276274835,15.376592196128108,0.8490302710245015
90,230630_FRL+WL_Cthrm_G1_pos2_440_3nm_20nm,180.0,3.0420000000000003,1.968043367175725,18.384776310850235,13.076243884529655,0.7112539017846186
91,230630_FRL+WL_Cthrm_G1_pos2_440_3nm_20nm,223.0,3.7687000000000004,2.1905382608490105,19.235384061671343,15.592788169915872,0.8106304568665332
92,230630_FRL+WL_Cthrm_G1_pos2_440_3nm_20nm,356.0,6.0164,2.767728020768051,23.53720459187964,20.285470946356337,0.8618470756444394
93,230630_FRL+WL_Cthrm_G1_pos2_440_3nm_20nm,291.0,4.9179,2.5023318638927687,23.259406699226016,16.567951386044182,0.7123118659168336
94,230630_FRL+WL_Cthrm_G1_pos2_440_3nm_20nm,264.0,4.4616,2.3834188790035213,20.615528128088304,17.745368085158297,0.8607767880067325
95,230630_FRL+WL_Cthrm_G1_pos2_440_3nm_20nm,172.0,2.9068,1.923812025286299,18.788294228055936,12.300692708401067,0.6546998125052168
96,230630_FRL+WL_Cthrm_G1_pos2_440_3nm_20nm,251.0,4.2419,2.323995444232214,19.924858845171276,17.361651162945368,0.8713562940574059
97,230630_FRL+WL_Cthrm_G1_pos2_440_3nm_20nm,274.0,4.630600000000001,2.4281398303744055,22.47220505424423,16.147548158569318,0.7185564620646605
98,230630_FRL+WL_Cthrm_G1_pos2_440_3nm_20nm,141.0,2.3829000000000002,1.7418388304172747,15.264337522473747,12.80979913561136,0.8391978437813917
99,230630_FRL+WL_Cthrm_G1_pos2_440_3nm_20nm,181.0,3.0589000000000004,1.9735025825649153,17.0,14.4437950911524,0.8496350053619058
100,230630_FRL+WL_Cthrm_G1_pos2_440_3nm_20nm,305.0,5.1545,2.5618183451090744,22.47220505424423,17.760462062284404,0.790330188756001
101,230630_FRL+WL_Cthrm_G1_pos2_440_3nm_20nm,266.0,4.4954,2.39242994660292,21.93171219946131,16.57031037228949,0.7555411187958455
102,230630_FRL+WL_Cthrm_G1_pos2_440_3nm_20nm,275.0,4.6475,2.432566707031211,20.8806130178211,17.685792282513546,0.8469958361576428
103,230630_FRL+WL_Cthrm_G1_pos2_440_3nm_20nm,248.0,4.1912,2.3100652761110485,21.540659228538015,15.159274931136025,0.7037516712140522
104,230630_FRL+WL_Cthrm_G1_pos2_440_3nm_20nm,251.0,4.2419,2.323995444232214,20.591260281974,16.326519878932235,0.7928858969950856
105,230630_FRL+WL_Cthrm_G1_pos2_440_3nm_20nm,192.0,3.2448,2.0325864495161468,21.540659228538015,11.901097272383195,0.5524945706682968
106,230630_FRL+WL_Cthrm_G1_pos2_440_3nm_20nm,231.0,3.9039,2.2294842135999984,18.973665961010276,17.001690285251772,0.8960677562358906
107,230630_FRL+WL_Cthrm_G1_pos2_440_3nm_20nm,233.0,3.9377000000000004,2.2391148597835824,20.12461179749811,15.409910687029539,0.7657246182977452
108,230630_FRL+WL_Cthrm_G1_pos2_440_3nm_20nm,232.0,3.9208000000000003,2.234304725635612,20.248456731316587,15.07669883124818,0.7445850827698052
109,230630_FRL+WL_Cthrm_G1_pos2_440_3nm_20nm,309.0,5.2221,2.5785624341018956,21.587033144922902,19.22163337388662,0.890424971548598
110,230630_FRL+WL_Cthrm_G1_pos2_440_3nm_20nm,247.0,4.1743,2.30540318200266,20.615528128088304,16.675510995948162,0.8088810964405061
111,230630_FRL+WL_Cthrm_G1_pos2_440_3nm_20nm,176.0,2.9744000000000006,1.9460533656249688,16.55294535724685,14.617480700701865,0.8830743040121473
112,230630_FRL+WL_Cthrm_G1_pos2_440_3nm_20nm,106.0,1.7914,1.5102586932173476,14.560219778561036,10.181085273259722,0.699239807372324
113,230630_FRL+WL_Cthrm_G1_pos2_440_3nm_20nm,221.0,3.7349,2.180693095240905,19.697715603592208,14.963991397480461,0.7596815640262126
114,230630_FRL+WL_Cthrm_G1_pos2_440_3nm_20nm,305.0,5.1545,2.5618183451090744,22.135943621178654,18.327588218803548,0.8279560398441091
115,230630_FRL+WL_Cthrm_G1_pos2_440_3nm_20nm,219.0,3.7011000000000003,2.1708032796684527,19.697715603592208,15.015311959053703,0.7622869707955073
116,230630_FRL+WL_Cthrm_G1_pos2_440_3nm_20nm,250.0,4.2250000000000005,2.3193613509986024,20.12461179749811,16.829827905916257,0.8362808721611485
117,230630_FRL+WL_Cthrm_G1_pos2_440_3nm_20nm,199.0,3.3631,2.06930710937232,18.867962264113206,14.439056844084527,0.7652684822010462
118,230630_FRL+WL_Cthrm_G1_pos2_440_3nm_20nm,149.0,2.5181,1.7905709976422641,16.15549442140351,12.90578393173784,0.7988479705480068
119,230630_FRL+WL_Cthrm_G1_pos2_440_3nm_20nm,287.0,4.850300000000001,2.485074196845833,22.20360331117452,17.54378487643205,0.7901323326021907
120,230630_FRL+WL_Cthrm_G1_pos2_440_3nm_20nm,430.0,7.267,3.041813894963074,26.570660511172846,21.504271629727217,0.8093239391126451
121,230630_FRL+WL_Cthrm_G1_pos2_440_3nm_20nm,382.0,6.455800000000001,2.8670158445500897,24.413111231467404,21.2655742752824,0.8710718627239952
122,230630_FRL+WL_Cthrm_G1_pos2_440_3nm_20nm,204.0,3.4476,2.095142156138563,20.8806130178211,12.784144796694767,0.612249496017373
123,230630_FRL+WL_Cthrm_G1_pos2_440_3nm_20nm,261.0,4.4109,2.3698380341011345,19.72308292331602,17.749546670762992,0.8999377399453118
124,230630_FRL+WL_Cthrm_G1_pos2_440_3nm_20nm,152.0,2.5688000000000004,1.8085070479585328,15.811388300841896,13.039914530962974,0.824716608235385
125,230630_FRL+WL_Cthrm_G1_pos2_440_3nm_20nm,232.0,3.9208000000000003,2.234304725635612,22.561028345356956,13.447537047151753,0.596051600188661
126,230630_FRL+WL_Cthrm_G1_pos2_440_3nm_20nm,241.0,4.072900000000001,2.2772301907694454,21.18962010041709,15.131662029533329,0.7141072826140702
127,230630_FRL+WL_Cthrm_G1_pos2_440_3nm_20nm,237.0,4.0053,2.2582529416625916,19.697715603592208,16.380756654268612,0.8316069225449324
128,230630_FRL+WL_Cthrm_G1_pos2_440_3nm_20nm,193.0,3.2617000000000003,2.037872769105736,17.46424919657298,15.164890416081121,0.8683390992300395
129,230630_FRL+WL_Cthrm_G1_pos2_440_3nm_20nm,114.0,1.9266,1.5662130464552915,14.560219778561036,10.734247978463946,0.7372311779434414
130,230630_FRL+WL_Cthrm_G1_pos2_440_3nm_20nm,143.0,2.4167,1.7541487986375237,14.866068747318506,13.09061406117494,0.8805699935657961
131,230630_FRL+WL_Cthrm_G1_pos2_440_3nm_20nm,380.0,6.422,2.8595007180081655,25.96150997149434,19.43854630562229,0.7487448275144918
132,230630_FRL+WL_Cthrm_G1_pos2_440_3nm_20nm,196.0,3.3124000000000002,2.053650084113833,18.027756377319946,14.435324769098141,0.800727748199365
133,230630_FRL+WL_Cthrm_G1_pos2_440_3nm_20nm,208.0,3.5152,2.115583051466674,18.681541692269406,15.076367718034001,0.8070194615829133
134,230630_FRL+WL_Cthrm_G1_pos2_440_3nm_20nm,245.0,4.1405,2.296050595038346,19.313207915827967,16.95356063019104,0.8778220948109247
135,230630_FRL+WL_Cthrm_G1_pos2_440_3nm_20nm,97.0,1.6393000000000002,1.444721975220268,13.0,10.65026470475538,0.8192511311350292
136,230630_FRL+WL_Cthrm_G1_pos2_440_3nm_20nm,218.0,3.6842,2.1658414371124417,22.80350850198276,12.777820850063929,0.5603445122908565
137,230630_FRL+WL_Cthrm_G1_pos2_440_3nm_20nm,237.0,4.0053,2.2582529416625916,22.20360331117452,16.13979454575168,0.7268997882712543
138,230630_FRL+WL_Cthrm_G1_pos2_440_3nm_20nm,254.0,4.2926,2.3378426101280128,19.697715603592208,17.435343308622553,0.8851454483099008
139,230630_FRL+WL_Cthrm_G1_pos2_440_3nm_20nm,104.0,1.7576,1.495943121855414,12.649110640673518,11.266570696520821,0.8907006205078872
140,230630_FRL+WL_Cthrm_G1_pos2_440_3nm_20nm,123.0,2.0787,1.6268629449468024,14.866068747318506,10.940735501628808,0.7359535118255297
141,230630_FRL+WL_Cthrm_G1_pos2_440_3nm_20nm,166.0,2.8054,1.8899593167049988,16.76305461424021,13.31147344576736,0.7940959301331194
142,230630_FRL+WL_Cthrm_G1_pos2_440_3nm_20nm,303.0,5.1207,2.553405125851624,21.95449840010015,19.401966746994205,0.8837353690989224
143,230630_FRL+WL_Cthrm_G1_pos2_440_3nm_20nm,199.0,3.3631,2.06930710937232,21.95449840010015,11.714989755433853,0.533603161499714
144,230630_FRL+WL_Cthrm_G1_pos2_440_3nm_20nm,155.0,2.6195000000000004,1.826266954044167,18.384776310850235,11.185597207929993,0.608416279796047
145,230630_FRL+WL_Cthrm_G1_pos2_440_3nm_20nm,297.0,5.0193,2.527997477627144,21.540659228538015,18.418800540217507,0.855071348782839
146,230630_FRL+WL_Cthrm_G1_pos2_440_3nm_20nm,124.0,2.0956,1.6334628217216967,15.132745950421556,11.940714401674429,0.7890646179348431
147,230630_FRL+WL_Cthrm_G1_pos2_440_3nm_20nm,209.0,3.5321000000000002,2.120662489874112,18.027756377319946,15.474574390694249,0.8583749451020005
148,230630_FRL+WL_Cthrm_G1_pos2_440_3nm_20nm,310.0,5.239000000000001,2.582731494923063,21.93171219946131,19.057386389005796,0.8689420240282876
149,230630_FRL+WL_Cthrm_G1_pos2_440_3nm_20nm,134.0,2.2646,1.6980513163645112,15.811388300841896,11.529490906869105,0.7291890305581328
150,230630_FRL+WL_Cthrm_G1_pos2_440_3nm_20nm,137.0,2.3153000000000006,1.7169541397268953,16.55294535724685,11.549727257491956,0.6977445408188644
151,230630_FRL+WL_Cthrm_G1_pos2_440_3nm_20nm,111.0,1.8759000000000001,1.545467586838589,13.416407864998739,11.577850321423435,0.8629620117340197
152,230630_FRL+WL_Cthrm_G1_pos2_440_3nm_20nm,233.0,3.9377000000000004,2.2391148597835824,19.4164878389476,16.243449875873356,0.8365802307094161
153,230630_FRL+WL_Cthrm_G1_pos2_440_3nm_20nm,183.0,3.0927,1.9843759573232178,18.24828759089466,13.328368231004486,0.7303900798700113
154,230630_FRL+WL_Cthrm_G1_pos2_440_3nm_20nm,57.0,0.9633,1.1074798659313778,9.848857801796104,7.877472009789997,0.7998360996087697
155,230630_FRL+WL_Cthrm_G1_pos2_440_3nm_20nm,194.0,3.2786000000000004,2.0431454112149496,18.788294228055936,13.655911990364876,0.7268308567348789
156,230630_FRL+WL_Cthrm_G1_pos2_440_3nm_20nm,203.0,3.4307000000000003,2.0900006952446026,17.46424919657298,15.607902760156595,0.8937059122598493
157,230630_FRL+WL_Cthrm_G1_pos2_440_3nm_20nm,327.0,5.5263,2.6526031923508517,21.93171219946131,19.831954669929495,0.9042592976583292
158,230630_FRL+WL_Cthrm_G1_pos2_440_3nm_20nm,167.0,2.8223000000000003,1.8956434177096837,18.027756377319946,12.131919528082923,0.6729578142816287
159,230630_FRL+WL_Cthrm_G1_pos2_440_3nm_20nm,414.0,6.9966,2.984685544357067,27.51363298439521,19.467123359705134,0.7075446332640339
160,230630_FRL+WL_Cthrm_G1_pos2_440_3nm_20nm,170.0,2.873,1.912594366828503,17.88854381999832,13.028378170424766,0.7283084806411029
161,230630_FRL+WL_Cthrm_G1_pos2_440_3nm_20nm,285.0,4.8165000000000004,2.476400263934914,21.95449840010015,17.0115952823904,0.7748569323867038
162,230630_FRL+WL_Cthrm_G1_pos2_440_3nm_20nm,281.0,4.7489,2.4589606084670845,23.40939982143925,16.023748701671575,0.6845006204301058
163,230630_FRL+WL_Cthrm_G1_pos2_440_3nm_20nm,277.0,4.6813,2.4413963792814797,21.587033144922902,17.27219077639677,0.8001187870719071
164,230630_FRL+WL_Cthrm_G1_pos2_440_3nm_20nm,278.0,4.6982,2.4457992618108997,21.18962010041709,17.517614574785163,0.8267073450005058
165,230630_FRL+WL_Cthrm_G1_pos2_440_3nm_20nm,367.0,6.2023,2.8101625626128643,25.238858928247925,19.277639941629893,0.7638079041701011
166,230630_FRL+WL_Cthrm_G1_pos2_440_3nm_20nm,241.0,4.072900000000001,2.2772301907694454,18.973665961010276,17.190834215976363,0.9060365166806708
167,230630_FRL+WL_Cthrm_G1_pos2_440_3nm_20nm,236.0,3.9884,2.2534836587429967,19.4164878389476,16.987552419302634,0.8749034614399853
168,230630_FRL+WL_Cthrm_G1_pos2_440_3nm_20nm,250.0,4.2250000000000005,2.3193613509986024,19.924858845171276,16.59337948305353,0.8327978437385457
169,230630_FRL+WL_Cthrm_G1_pos2_440_3nm_20nm,288.0,4.8671999999999995,2.48939982970494,21.95449840010015,17.389448116789623,0.7920676573831583
170,230630_FRL+WL_Cthrm_G1_pos2_440_3nm_20nm,390.0,6.591,2.8968813989097755,25.0,20.61069823173639,0.8244279292694556
171,230630_FRL+WL_Cthrm_G1_pos2_440_3nm_20nm,221.0,3.7349,2.180693095240905,18.384776310850235,16.547787169594653,0.9000809631732404
172,230630_FRL+WL_Cthrm_G1_pos2_440_3nm_20nm,201.0,3.3969000000000005,2.079679641077172,19.72308292331602,13.518184682822247,0.6853991708791867
173,230630_FRL+WL_Cthrm_G1_pos2_440_3nm_20nm,227.0,3.8363000000000005,2.210097026256428,18.973665961010276,15.961071335394239,0.8412223219378514
174,230630_FRL+WL_Cthrm_G1_pos2_440_3nm_20nm,236.0,3.9884,2.2534836587429967,19.6468827043885,16.575890749720013,0.8436906250790349
175,230630_FRL+WL_Cthrm_G1_pos2_440_3nm_20nm,405.0,6.8445,2.9520650507635873,25.298221281347036,21.496999397083513,0.8497435119256289
176,230630_FRL+WL_Cthrm_G1_pos2_440_3nm_20nm,224.0,3.7856,2.195444287735271,19.4164878389476,15.408016076273428,0.7935532009741966
177,230630_FRL+WL_Cthrm_G1_pos2_440_3nm_20nm,192.0,3.2448,2.0325864495161468,17.08800749063506,14.98011566894162,0.8766449615118291
178,230630_FRL+WL_Cthrm_G1_pos2_440_3nm_20nm,174.0,2.9406000000000003,1.9349646521960602,17.46424919657298,13.851637184758822,0.7931424379512941
179,230630_FRL+WL_Cthrm_G1_pos2_440_3nm_20nm,210.0,3.5490000000000004,2.1257297909812274,18.384776310850235,15.284846227385529,0.8313860320598405
180,230630_FRL+WL_Cthrm_G1_pos2_440_3nm_20nm,556.0,9.3964,3.4588824868950785,30.805843601498726,23.52996398361637,0.7638149530328596
181,230630_FRL+WL_Cthrm_G1_pos2_440_3nm_20nm,169.0,2.8561000000000005,1.9069607923914165,16.492422502470642,14.364405304412744,0.8709700046952404
182,230630_FRL+WL_Cthrm_G1_pos2_440_3nm_20nm,630.0,10.647,3.6818720011422554,32.01562118716424,25.7934090938179,0.8056507460226646
183,230630_FRL+WL_Cthrm_G1_pos2_440_3nm_20nm,183.0,3.0927,1.9843759573232178,17.08800749063506,14.079415678271705,0.8239354814180536
184,230630_FRL+WL_Cthrm_G1_pos2_440_3nm_20nm,87.0,1.4703000000000002,1.3682266269241035,12.649110640673518,8.876467357832837,0.7017463606722154
185,230630_FRL+WL_Cthrm_G1_pos2_440_3nm_20nm,89.0,1.5041,1.3838640103840254,13.416407864998739,9.186271951077044,0.6847042847469298
186,230630_FRL+WL_Cthrm_G1_pos2_440_3nm_20nm,105.0,1.7745000000000002,1.5031179501730882,14.422205101855956,10.557836635642445,0.7320542566880972
187,230630_FRL+WL_Cthrm_G1_pos2_440_3nm_20nm,234.0,3.9546000000000006,2.243914682783121,23.259406699226016,13.62958600471449,0.5859816710272335
188,230630_FRL+WL_Cthrm_G1_pos2_440_3nm_20nm,142.0,2.3998000000000004,1.7480046508677956,16.15549442140351,11.900907719770643,0.7366476945455657
189,230630_FRL+WL_Cthrm_G1_pos2_440_3nm_20nm,174.0,2.9406000000000003,1.9349646521960602,17.08800749063506,14.06374139734505,0.8230182135074885
190,230630_FRL+WL_Cthrm_G1_pos2_440_3nm_20nm,403.0,6.810700000000001,2.944766980140835,25.96150997149434,20.716100235658296,0.7979543662292568
191,230630_FRL+WL_Cthrm_G1_pos2_440_3nm_20nm,242.0,4.0898,2.281949843896195,19.924858845171276,16.123314994334624,0.8092059833207831
192,230630_FRL+WL_Cthrm_G1_pos2_440_3nm_20nm,213.0,3.5997000000000003,2.1408597313189777,20.615528128088304,13.773795044891793,0.6681271980670354
193,230630_FRL+WL_Cthrm_G1_pos2_440_3nm_20nm,125.0,2.1125000000000003,1.6400361393131042,15.231546211727817,11.115002668876517,0.7297356758382357
194,230630_FRL+WL_Cthrm_G1_pos2_440_3nm_20nm,145.0,2.4505000000000003,1.766372979971534,16.278820596099706,12.528839102960273,0.7696404680546757
195,230630_FRL+WL_Cthrm_G1_pos2_440_3nm_20nm,207.0,3.4983,2.110491388124344,18.384776310850235,14.979419034630585,0.8147729828940103
196,230630_FRL+WL_Cthrm_G1_pos2_440_3nm_20nm,221.0,3.7349,2.180693095240905,18.384776310850235,16.016811395668093,0.8711996885279137
197,230630_FRL+WL_Cthrm_G1_pos2_440_3nm_20nm,336.0,5.6784,2.6888591318297332,22.135943621178654,20.496266704439353,0.9259269473757363
198,230630_FRL+WL_Cthrm_G1_pos2_440_3nm_20nm,150.0,2.535,1.7965695772509447,17.46424919657298,11.481147702698822,0.6574086050576841
199,230630_FRL+WL_Cthrm_G1_pos2_440_3nm_20nm,154.0,2.6026000000000002,1.8203662376367387,16.278820596099706,12.921072222456633,0.7937351570513919
200,230630_FRL+WL_Cthrm_G1_pos2_440_3nm_20nm,120.0,2.0280000000000005,1.6069006804164687,15.264337522473747,10.469154869448362,0.6858571394948901
201,230630_FRL+WL_Cthrm_G1_pos2_440_3nm_20nm,155.0,2.6195000000000004,1.826266954044167,17.72004514666935,12.337608699028765,0.6962515386902237
202,230630_FRL+WL_Cthrm_G1_pos2_440_3nm_20nm,259.0,4.3771,2.3607407335961907,21.587033144922902,16.063535699730572,0.7441289218341979
203,230630_FRL+WL_Cthrm_G1_pos2_440_3nm_20nm,77.0,1.3013000000000001,1.28719331087598,12.206555615733702,8.593695045658626,0.704022929660988
204,230630_FRL+WL_Cthrm_G1_pos2_440_3nm_20nm,108.0,1.8252000000000002,1.5244398371371102,15.231546211727817,9.784099892961276,0.6423576278439692
205,230630_FRL+WL_Cthrm_G1_pos2_440_3nm_20nm,395.0,6.6755,2.9153920115277088,25.0,20.788699794537123,0.831547991781485
206,230630_FRL+WL_Cthrm_G1_pos2_440_3nm_20nm,343.0,5.7967,2.7167237012560403,24.041630560342615,19.821576978261962,0.8244689114788347
207,230630_FRL+WL_Cthrm_G1_pos2_440_3nm_20nm,191.0,3.2279000000000004,2.027286345450645,17.4928556845359,14.574242562630161,0.833153993004935
208,230630_FRL+WL_Cthrm_G1_pos2_440_3nm_20nm,220.0,3.7180000000000004,2.1757538066898414,19.235384061671343,15.216834466529109,0.7910855545042303
209,230630_FRL+WL_Cthrm_G1_pos2_440_3nm_20nm,215.0,3.6335,2.1508872322358545,21.587033144922902,13.194919693951423,0.6112428514547754
210,230630_FRL+WL_Cthrm_G1_pos2_440_3nm_20nm,285.0,4.8165000000000004,2.476400263934914,20.248456731316587,18.76572055593821,0.926772879777788
211,230630_FRL+WL_Cthrm_G1_pos2_440_3nm_20nm,268.0,4.5292,2.401407201208179,22.360679774997898,15.942675242575994,0.7129781117120574
212,230630_FRL+WL_Cthrm_G1_pos2_440_3nm_20nm,508.0,8.5852,3.306208725936752,31.016124838541646,21.761830424164813,0.7016295729221097
213,230630_FRL+WL_Cthrm_G1_pos2_440_3nm_20nm,302.0,5.1038,2.549188103773302,21.93171219946131,18.2390590977175,0.8316295112684131
214,230630_FRL+WL_Cthrm_G1_pos2_440_3nm_20nm,182.0,3.0758,1.978946737963509,19.924858845171276,12.058704483227643,0.6052090294305915
215,230630_FRL+WL_Cthrm_G1_pos2_440_3nm_20nm,318.0,5.374200000000001,2.6158447892250245,22.135943621178654,18.99587490551025,0.8581461549864027
216,230630_FRL+WL_Cthrm_G1_pos2_440_3nm_20nm,368.0,6.219200000000001,2.8139885174991255,24.698178070456937,19.976317319443798,0.8088174464714359
217,230630_FRL+WL_Cthrm_G1_pos2_440_3nm_20nm,297.0,5.0193,2.527997477627144,21.93171219946131,18.391162235237644,0.8385648173738743
218,230630_FRL+WL_Cthrm_G1_pos2_440_3nm_20nm,196.0,3.3124000000000002,2.053650084113833,22.47220505424423,11.909196869719711,0.5299523051241681
219,230630_FRL+WL_Cthrm_G1_pos2_440_3nm_20nm,167.0,2.8223000000000003,1.8956434177096837,17.0,13.198068268888798,0.7763569569934587
220,230630_FRL+WL_Cthrm_G1_pos2_440_3nm_20nm,78.0,1.3182,1.2955247461433885,11.40175425099138,9.844101261667827,0.8633847954416213
221,230630_FRL+WL_Cthrm_G1_pos2_440_3nm_20nm,329.0,5.5601,2.6607027629335036,23.853720883753127,17.96398958087218,0.7530896193686718
222,230630_FRL+WL_Cthrm_G1_pos2_440_3nm_20nm,198.0,3.3462000000000005,2.064101297076479,18.867962264113206,14.161384042759375,0.7505518531640417
223,230630_FRL+WL_Cthrm_G1_pos2_440_3nm_20nm,241.0,4.072900000000001,2.2772301907694454,18.973665961010276,16.75556348170409,0.8830957346954326
224,230630_FRL+WL_Cthrm_G1_pos2_440_3nm_20nm,192.0,3.2448,2.0325864495161468,17.72004514666935,14.703239309256444,0.8297517973321901
225,230630_FRL+WL_Cthrm_G1_pos2_440_3nm_20nm,180.0,3.0420000000000003,1.968043367175725,18.110770276274835,13.721299372797542,0.7576320147339336
226,230630_FRL+WL_Cthrm_G1_pos2_440_3nm_20nm,264.0,4.4616,2.3834188790035213,21.18962010041709,16.70343354250238,0.7882837664547651
227,230630_FRL+WL_Cthrm_G1_pos2_440_3nm_20nm,185.0,3.1265,1.9951900753097402,18.027756377319946,14.317761789921185,0.794206527437537
228,230630_FRL+WL_Cthrm_G1_pos2_440_3nm_20nm,291.0,4.9179,2.5023318638927687,21.02379604162864,18.67593543986669,0.888323659670546
229,230630_FRL+WL_Cthrm_G1_pos2_440_3nm_20nm,128.0,2.1632000000000002,1.6595998864699602,15.264337522473747,11.93625309066676,0.781969939612051
230,230630_FRL+WL_Cthrm_G1_pos2_440_3nm_20nm,189.0,3.1941,2.0166443488723003,20.8806130178211,12.266636566666122,0.5874653467403875
231,230630_FRL+WL_Cthrm_G1_pos2_440_3nm_20nm,194.0,3.2786000000000004,2.0431454112149496,18.35755975068582,15.385332276776186,0.8380924526856793
232,230630_FRL+WL_Cthrm_G1_pos2_440_3nm_20nm,152.0,2.5688000000000004,1.8085070479585328,15.231546211727817,13.779066366071227,0.9046400263330964
233,230630_FRL+WL_Cthrm_G1_pos2_440_3nm_20nm,242.0,4.0898,2.281949843896195,20.8806130178211,15.270312348793377,0.7313153275605717
234,230630_FRL+WL_Cthrm_G1_pos2_440_3nm_20nm,210.0,3.5490000000000004,2.1257297909812274,17.72004514666935,16.11877589201881,0.9096351481389136
235,230630_FRL+WL_Cthrm_G1_pos2_440_3nm_20nm,145.0,2.4505000000000003,1.766372979971534,15.811388300841896,12.55222364929612,0.7938723286321266
236,230630_FRL+WL_Cthrm_G1_pos2_440_3nm_20nm,231.0,3.9039,2.2294842135999984,20.615528128088304,14.81205698622095,0.718490299845376
237,230630_FRL+WL_Cthrm_G1_pos2_440_3nm_20nm,259.0,4.3771,2.3607407335961907,19.924858845171276,17.28186725093951,0.867352054297123
238,230630_FRL+WL_Cthrm_G1_pos2_440_3nm_20nm,301.0,5.086900000000001,2.5449640940715255,23.53720459187964,17.031201288079934,0.7235864064314467
239,230630_FRL+WL_Cthrm_G1_pos2_440_3nm_20nm,277.0,4.6813,2.4413963792814797,20.8806130178211,17.77861034201785,0.851441015014465
240,230630_FRL+WL_Cthrm_G1_pos2_440_3nm_20nm,201.0,3.3969000000000005,2.079679641077172,18.867962264113206,15.327034526137496,0.8123312052245015
241,230630_FRL+WL_Cthrm_G1_pos2_440_3nm_20nm,219.0,3.7011000000000003,2.1708032796684527,18.384776310850235,16.182061436067972,0.8801881057708449
242,230630_FRL+WL_Cthrm_G1_pos2_440_3nm_20nm,154.0,2.6026000000000002,1.8203662376367387,16.492422502470642,13.188980319113076,0.799699396321996
243,230630_FRL+WL_Cthrm_G1_pos2_440_3nm_20nm,144.0,2.4335999999999998,1.7602715006689995,16.76305461424021,11.85395490355545,0.707147663498365
244,230630_FRL+WL_Cthrm_G1_pos2_440_3nm_20nm,297.0,5.0193,2.527997477627144,22.80350850198276,16.931826040732698,0.7425096905268099
245,230630_FRL+WL_Cthrm_G1_pos2_440_3nm_20nm,379.0,6.405100000000001,2.85573573847147,26.248809496813376,19.030746409932377,0.7250136968018577
246,230630_FRL+WL_Cthrm_G1_pos2_440_3nm_20nm,274.0,4.630600000000001,2.4281398303744055,22.360679774997898,16.577230117350595,0.741356268421055
247,230630_FRL+WL_Cthrm_G1_pos2_440_3nm_20nm,281.0,4.7489,2.4589606084670845,21.18962010041709,17.563863306534323,0.8288899575971445
248,230630_FRL+WL_Cthrm_G1_pos2_440_3nm_20nm,142.0,2.3998000000000004,1.7480046508677956,16.401219466856727,12.095187264613628,0.7374565829727084
249,230630_FRL+WL_Cthrm_G1_pos2_440_3nm_20nm,179.0,3.0251,1.9625689661202586,18.35755975068582,13.109239436718244,0.7141057752095017
250,230630_FRL+WL_Cthrm_G1_pos2_440_3nm_20nm,251.0,4.2419,2.323995444232214,20.396078054371138,16.65965685553719,0.8168068788090764
251,230630_FRL+WL_Cthrm_G1_pos2_440_3nm_20nm,295.0,4.9855,2.5194713235671395,21.95449840010015,18.35063264866614,0.8358484131244114
252,230630_FRL+WL_Cthrm_G1_pos2_440_3nm_20nm,238.0,4.022200000000001,2.263012173372864,21.095023109728988,15.17361421056357,0.7192982975953948
253,230630_FRL+WL_Cthrm_G1_pos2_440_3nm_20nm,201.0,3.3969000000000005,2.079679641077172,18.788294228055936,14.097536032905934,0.7503361327956293
254,230630_FRL+WL_Cthrm_G1_pos2_440_3nm_20nm,264.0,4.4616,2.3834188790035213,21.470910553583888,16.986137863015138,0.7911233117302443
255,230630_FRL+WL_Cthrm_G1_pos2_440_3nm_20nm,156.0,2.6364,1.8321486663859412,15.811388300841896,12.98795479750948,0.821430386148819
256,230630_FRL+WL_Cthrm_G1_pos2_440_3nm_20nm,222.0,3.7518000000000002,2.185621221515152,18.973665961010276,15.818528943345338,0.8337096782377981
257,230630_FRL+WL_Cthrm_G1_pos2_440_3nm_20nm,377.0,6.371300000000001,2.8481908488321395,23.853720883753127,21.39500332769604,0.8969251980418815
258,230630_FRL+WL_Cthrm_G1_pos2_440_3nm_20nm,257.0,4.343300000000001,2.351608240045147,24.698178070456937,13.844116624380254,0.5605318977329783
259,230630_FRL+WL_Cthrm_G1_pos2_440_3nm_20nm,265.0,4.4785,2.3879286633181542,20.615528128088304,17.17047535390664,0.8328903944261394
260,230630_FRL+WL_Cthrm_G1_pos2_440_3nm_20nm,415.0,7.0135000000000005,2.988288062921656,25.632011235952593,21.700848121119083,0.8466307197415907
261,230630_FRL+WL_Cthrm_G1_pos2_440_3nm_20nm,146.0,2.4674,1.772453455715986,15.811388300841896,13.265392366783743,0.8389770786969675
262,230630_FRL+WL_Cthrm_G1_pos2_440_3nm_20nm,211.0,3.5659,2.130785041380551,20.0,14.72315166677204,0.736157583338602
263,230630_FRL+WL_Cthrm_G1_pos2_440_3nm_20nm,271.0,4.5799,2.414810508286845,20.615528128088304,17.72720991751876,0.8598959874991385
264,230630_FRL+WL_Cthrm_G1_pos2_440_3nm_20nm,184.0,3.1096000000000004,1.9897903629047113,22.360679774997898,12.048767976625616,0.5388372848171494
265,230630_FRL+WL_Cthrm_G1_pos2_440_3nm_20nm,207.0,3.4983,2.110491388124344,18.439088914585774,15.03987729517998,0.8156518667949514
266,230630_FRL+WL_Cthrm_G1_pos2_440_3nm_20nm,151.0,2.5519,1.8025481946981783,17.0,12.566951467523673,0.7392324392660984
267,230630_FRL+WL_Cthrm_G1_pos2_440_3nm_20nm,242.0,4.0898,2.281949843896195,18.973665961010276,17.20437676303976,0.9067502715813435
268,230630_FRL+WL_Cthrm_G1_pos2_440_3nm_20nm,426.0,7.199400000000001,3.027632867169719,26.68332812825267,22.646863975326113,0.8487271102942855
269,230630_FRL+WL_Cthrm_G1_pos2_440_3nm_20nm,174.0,2.9406000000000003,1.9349646521960602,16.401219466856727,14.519857363815268,0.8852913280720814
270,230630_FRL+WL_Cthrm_G1_pos2_440_3nm_20nm,320.0,5.408,2.6240578229009666,21.93171219946131,19.537041858572643,0.8908124309169311
271,230630_FRL+WL_Cthrm_G1_pos2_440_3nm_20nm,136.0,2.2984,1.7106764070446807,14.866068747318506,12.209838243692646,0.8213226005627761
272,230630_FRL+WL_Cthrm_G1_pos2_440_3nm_20nm,329.0,5.5601,2.6607027629335036,21.93171219946131,20.274044415057492,0.9244168549483094
273,230630_FRL+WL_Cthrm_G1_pos2_440_3nm_20nm,188.0,3.1772000000000005,2.011302235252713,18.788294228055936,13.265585711530395,0.7060558851437049
274,230630_FRL+WL_Cthrm_G1_pos2_440_3nm_20nm,148.0,2.5012000000000003,1.7845522545702015,15.264337522473747,13.249973788623551,0.8680346440921894
275,230630_FRL+WL_Cthrm_G1_pos2_440_3nm_20nm,346.0,5.8474,2.72857855189921,23.323807579381203,19.89721631757865,0.8530861116847945
276,230630_FRL+WL_Cthrm_G1_pos2_440_3nm_20nm,265.0,4.4785,2.3879286633181542,21.37755832643195,16.71247047420383,0.7817763946193965
277,230630_FRL+WL_Cthrm_G1_pos2_440_3nm_20nm,235.0,3.9715000000000003,2.24870426066117,24.351591323771842,13.064125310556864,0.536479326416905
278,230630_FRL+WL_Cthrm_G1_pos2_440_3nm_20nm,286.0,4.8334,2.4807410214536576,21.840329667841555,17.78439133022017,0.8142913408677395
279,230630_FRL+WL_Cthrm_G1_pos2_440_3nm_20nm,184.0,3.1096000000000004,1.9897903629047113,18.384776310850235,13.359392066570605,0.7266551325232184
280,230630_FRL+WL_Cthrm_G1_pos2_440_3nm_20nm,269.0,4.5461,2.4058832669771246,20.615528128088304,17.55625995684381,0.8516036963866915
281,230630_FRL+WL_Cthrm_G1_pos2_440_3nm_20nm,250.0,4.2250000000000005,2.3193613509986024,19.72308292331602,16.968696609009484,0.860347070231582
282,230630_FRL+WL_Cthrm_G1_pos2_440_3nm_20nm,175.0,2.9575,1.9405169294686,17.46424919657298,13.854152979940874,0.793286491964366
283,230630_FRL+WL_Cthrm_G1_pos2_440_3nm_20nm,420.0,7.098000000000001,3.0062359003461765,28.160255680657446,19.595635357015794,0.695861414726981
284,230630_FRL+WL_Cthrm_G1_pos2_440_3nm_20nm,203.0,3.4307000000000003,2.0900006952446026,18.439088914585774,15.459727347103925,0.8384214327897134
285,230630_FRL+WL_Cthrm_G1_pos2_440_3nm_20nm,139.0,2.3491,1.7294412434475392,15.811388300841896,12.444949197842046,0.787087696605326
286,230630_FRL+WL_Cthrm_G1_pos2_440_3nm_20nm,188.0,3.1772000000000005,2.011302235252713,17.46424919657298,15.229766558614275,0.8720538963451587
287,230630_FRL+WL_Cthrm_G1_pos2_440_3nm_20nm,198.0,3.3462000000000005,2.064101297076479,19.4164878389476,13.39298724085399,0.6897739360456814
288,230630_FRL+WL_Cthrm_G1_pos2_440_3nm_20nm,175.0,2.9575,1.9405169294686,16.492422502470642,14.223304508520428,0.8624145122640237
289,230630_FRL+WL_Cthrm_G1_pos2_440_3nm_20nm,166.0,2.8054,1.8899593167049988,17.46424919657298,12.86709880623125,0.7367679343899977
290,230630_FRL+WL_Cthrm_G1_pos2_440_3nm_20nm,240.0,4.056000000000001,2.2725007356315245,19.4164878389476,16.787331000645736,0.8645915337464879
291,230630_FRL+WL_Cthrm_G1_pos2_440_3nm_20nm,241.0,4.072900000000001,2.2772301907694454,20.615528128088304,15.498599053149988,0.7517924817086501
292,230630_FRL+WL_Cthrm_G1_pos2_440_3nm_20nm,127.0,2.1463,1.653104362968376,14.866068747318506,11.661590423217554,0.7844434612426392
293,230630_FRL+WL_Cthrm_G1_pos2_440_3nm_20nm,203.0,3.4307000000000003,2.0900006952446026,21.540659228538015,12.711984309376412,0.5901390563077575
294,230630_FRL+WL_Cthrm_G1_pos2_440_3nm_20nm,206.0,3.4814000000000003,2.105387411152873,18.027756377319946,15.575233026831656,0.8639584816237189
295,230630_FRL+WL_Cthrm_G1_pos2_440_3nm_20nm,176.0,2.9744000000000006,1.9460533656249688,16.76305461424021,14.404257088708116,0.8592859368525652
296,230630_FRL+WL_Cthrm_G1_pos2_440_3nm_20nm,303.0,5.1207,2.553405125851624,23.08679276123039,17.51476125903542,0.7586485242960177
297,230630_FRL+WL_Cthrm_G1_pos2_440_3nm_20nm,191.0,3.2279000000000004,2.027286345450645,17.72004514666935,14.511705805922208,0.8189429364207811
298,230630_FRL+WL_Cthrm_G1_pos2_440_3nm_20nm,216.0,3.6504000000000003,2.1558834927011334,18.788294228055936,15.565285881159076,0.8284565747281066
299,230630_FRL+WL_Cthrm_G1_pos2_440_3nm_20nm,285.0,4.8165000000000004,2.476400263934914,20.8806130178211,18.23711226850587,0.8733992748652032
300,230630_FRL+WL_Cthrm_G1_pos2_440_3nm_20nm,397.0,6.7093,2.9227634316673026,26.419689627245813,19.412942631788752,0.7347907150191796
301,230630_FRL+WL_Cthrm_G1_pos2_440_3nm_20nm,160.0,2.704,1.855489080798882,16.76305461424021,13.333077214768391,0.7953847029432181
302,230630_FRL+WL_Cthrm_G1_pos2_440_3nm_20nm,246.0,4.1574,2.300731640866002,20.615528128088304,15.678306899045872,0.7605095926543083
303,230630_FRL+WL_Cthrm_G1_pos2_440_3nm_20nm,120.0,2.0280000000000005,1.6069006804164687,15.652475842498529,10.126016412461473,0.64692745827264
304,230630_FRL+WL_Cthrm_G1_pos2_440_3nm_20nm,138.0,2.3322000000000003,1.7232090024809372,14.866068747318506,12.884531964184298,0.8667074115682647
305,230630_FRL+WL_Cthrm_G1_pos2_440_3nm_20nm,248.0,4.1912,2.3100652761110485,21.18962010041709,15.400067886550595,0.7267741381662366
306,230630_FRL+WL_Cthrm_G1_pos2_440_3nm_20nm,401.0,6.7769,2.9374507775817666,26.92582403567252,19.441171838414835,0.722026995818524
307,230630_FRL+WL_Cthrm_G1_pos2_440_3nm_20nm,247.0,4.1743,2.30540318200266,19.924858845171276,16.941454576323533,0.850267231902084
308,230630_FRL+WL_Cthrm_G1_pos2_440_3nm_20nm,210.0,3.5490000000000004,2.1257297909812274,19.924858845171276,13.980542205327096,0.7016632997987453
309,230630_FRL+WL_Cthrm_G1_pos2_440_3nm_20nm,188.0,3.1772000000000005,2.011302235252713,18.027756377319946,14.308889331426153,0.7937143719907175
310,230630_FRL+WL_Cthrm_G1_pos2_440_3nm_20nm,141.0,2.3829000000000002,1.7418388304172747,17.0,11.990161695143303,0.7053036291260767
311,230630_FRL+WL_Cthrm_G1_pos2_440_3nm_20nm,230.0,3.8870000000000005,2.224653256214455,20.396078054371138,15.31967203558369,0.7511087178007975
312,230630_FRL+WL_Cthrm_G1_pos2_440_3nm_20nm,190.0,3.211,2.0219723485113756,18.973665961010276,13.585326369316453,0.7160095680630969
313,230630_FRL+WL_Cthrm_G1_pos2_440_3nm_20nm,252.0,4.2588,2.32862031536232,20.248456731316587,16.76709235429832,0.8280676684048749
314,230630_FRL+WL_Cthrm_G1_pos2_440_3nm_20nm,231.0,3.9039,2.2294842135999984,18.973665961010276,16.40508001012028,0.8646236338213035
315,230630_FRL+WL_Cthrm_G1_pos2_440_3nm_20nm,225.0,3.8025,2.2003393758362497,19.72308292331602,15.950211126233542,0.8087078063935783
316,230630_FRL+WL_Cthrm_G1_pos2_440_3nm_20nm,271.0,4.5799,2.414810508286845,20.615528128088304,17.473560756974994,0.8475921959606539
317,230630_FRL+WL_Cthrm_G1_pos2_440_3nm_20nm,297.0,5.0193,2.527997477627144,23.40939982143925,16.813192419385995,0.718223984708391
318,230630_FRL+WL_Cthrm_G1_pos2_440_3nm_20nm,107.0,1.8083,1.5173658322054688,14.866068747318506,9.506546923419139,0.6394795480233401
319,230630_FRL+WL_Cthrm_G1_pos2_440_3nm_20nm,227.0,3.8363000000000005,2.210097026256428,19.235384061671343,16.77952260731059,0.8723258424949085
320,230630_FRL+WL_Cthrm_G1_pos2_440_3nm_20nm,142.0,2.3998000000000004,1.7480046508677956,15.652475842498529,12.128611197486858,0.7748685460070212
321,230630_FRL+WL_Cthrm_G1_pos2_440_3nm_20nm,267.0,4.512300000000001,2.3969227767511567,20.248456731316587,17.572999078493424,0.867868564586196
322,230630_FRL+WL_Cthrm_G1_pos2_440_3nm_20nm,236.0,3.9884,2.2534836587429967,20.8806130178211,14.797062632512848,0.7086507766742246
323,230630_FRL+WL_Cthrm_G1_pos2_440_3nm_20nm,232.0,3.9208000000000003,2.234304725635612,18.788294228055936,16.73250817706466,0.890581549019951
324,230630_FRL+WL_Cthrm_G1_pos2_440_3nm_20nm,144.0,2.4335999999999998,1.7602715006689995,15.264337522473747,13.147883837573374,0.86134650902574
325,230630_FRL+WL_Cthrm_G1_pos2_440_3nm_20nm,165.0,2.7885,1.8842580689740993,17.4928556845359,12.51547729175699,0.715462215973174
326,230630_FRL+WL_Cthrm_G1_pos2_440_3nm_20nm,129.0,2.1801,1.6660700860039257,14.560219778561036,11.86203862016366,0.8146881572234046
327,230630_FRL+WL_Cthrm_G1_pos2_440_3nm_20nm,204.0,3.4476,2.095142156138563,19.4164878389476,15.354162838847609,0.7907796181371505
328,230630_FRL+WL_Cthrm_G1_pos2_440_3nm_20nm,526.0,8.8894,3.3642734147165796,29.154759474226502,23.69777252606177,0.8128268918497222
329,230630_FRL+WL_Cthrm_G1_pos2_440_3nm_20nm,218.0,3.6842,2.1658414371124417,18.027756377319946,16.16641442594797,0.8967513254331714
330,230630_FRL+WL_Cthrm_G1_pos2_440_3nm_20nm,204.0,3.4476,2.095142156138563,19.924858845171276,13.546099995188955,0.679859270293993
331,230630_FRL+WL_Cthrm_G1_pos2_440_3nm_20nm,154.0,2.6026000000000002,1.8203662376367387,16.401219466856727,13.119989102233143,0.7999398537862241
332,230630_FRL+WL_Cthrm_G1_pos2_440_3nm_20nm,309.0,5.2221,2.5785624341018956,21.37755832643195,19.422302897472505,0.9085370088060104
333,230630_FRL+WL_Cthrm_G1_pos2_440_3nm_20nm,158.0,2.6702,1.8438558057374854,16.1245154965971,13.427579824501631,0.8327431498537351
334,230630_FRL+WL_Cthrm_G1_pos2_440_3nm_20nm,183.0,3.0927,1.9843759573232178,16.76305461424021,14.877251991847972,0.8875024471500409
